Size,AvgTime,AvgComparisons
1000,0.000025907,10330
2500,0.000070339,30899
5000,0.000148858,66791
10000,0.000351860,143616
25000,0.000849585,359750
50000,0.001723983,769585
100000,0.003601093,1638897
250000,0.009026067,4554625
500000,0.018336112,9609152
1000000,0.036936858,20216580
2500000,0.092001103,55558778
5000000,0.185985973,116113641
10000000,0.381679170,242219564
