Size,AvgTime,AvgComparisons
1000,0.000078000,10526
2500,0.000133000,30635
5000,0.000277000,66456
10000,0.000457000,142825
25000,0.001628000,359869
50000,0.003349000,768679
100000,0.005711000,1638478
250000,0.017082000,4553621
500000,0.032916000,9610213
1000000,0.067113000,20222001
2500000,0.193108000,55555610
5000000,0.383271000,116121327
10000000,0.786777000,242218417
