Size,AvgTime,AvgComparisons
1000,0.000164000,8699
2500,0.000446000,25049
5000,0.000741000,55229
10000,0.001624000,120455
25000,0.004193000,334063
50000,0.009100000,718009
100000,0.016010000,1536032
250000,0.041416000,4167855
500000,0.084576000,8835742
1000000,0.192395000,18670255
2500000,0.492408000,50015470
5000000,1.036455000,105025280
10000000,1.831279000,220047502
