Size,AvgTime,AvgComparisons
1000,0.000061292,8705
2500,0.000148617,25113
5000,0.000296899,55214
10000,0.000609066,120447
25000,0.001564551,334084
50000,0.003123440,718079
100000,0.006466035,1536155
250000,0.016259503,4167856
500000,0.032972786,8835523
1000000,0.066288379,18670371
2500000,0.166896635,50014660
5000000,0.339204665,105027335
10000000,0.687959566,220047941
